{
  "genesis": {
    "genesis_state_timestamp": "2022-06-08T01:00:36Z"
  },
  "ledger": {
    "name": "gossipqa",
    "accounts": [
      {
        "pk": "B62qoYAbgvbVB2QsmhJyZiEC8YHzumYvFDMGKWsu8A1n4bW3M3hv7yz",
        "delegate": "B62qoYAbgvbVB2QsmhJyZiEC8YHzumYvFDMGKWsu8A1n4bW3M3hv7yz",
        "sk": null,
        "balance": "375000.000000000"
      },
      {
        "pk": "B62qkesaX38rXheQmochTPmaVEbmzqwzKD6tjVpmuXFMTXxW5Cj5rR8",
        "delegate": "B62qkesaX38rXheQmochTPmaVEbmzqwzKD6tjVpmuXFMTXxW5Cj5rR8",
        "sk": null,
        "balance": "375000.000000000"
      },
      {
        "pk": "B62qrTrbQbVoTLrr22CxvDfN6CfvZzzwp36DKBMScy739vn2wpcCKhG",
        "delegate": "B62qrTrbQbVoTLrr22CxvDfN6CfvZzzwp36DKBMScy739vn2wpcCKhG",
        "sk": null,
        "balance": "375000.000000000"
      },
      {
        "pk": "B62qjhpfPJAZCdLu2GAZ4x8Zfty6LuUiiuyEtQypJL4ESmPmgJKeSmH",
        "delegate": "B62qjhpfPJAZCdLu2GAZ4x8Zfty6LuUiiuyEtQypJL4ESmPmgJKeSmH",
        "sk": null,
        "balance": "375000.000000000"
      },
      {
        "pk": "B62qqEtDVSH2uiVyGBDfSTwXsFwMgVfH8yoDuApfPxK54fVwdpBVmBT",
        "delegate": "B62qqEtDVSH2uiVyGBDfSTwXsFwMgVfH8yoDuApfPxK54fVwdpBVmBT",
        "sk": null,
        "balance": "375000.000000000"
      },
      {
        "pk": "B62qk1aSEpoyWSoxkyR2hsEeA2b6vz8dzWVwCugxeUZydsYDpXomZs4",
        "delegate": "B62qk1aSEpoyWSoxkyR2hsEeA2b6vz8dzWVwCugxeUZydsYDpXomZs4",
        "sk": null,
        "balance": "375000.000000000"
      },
      {
        "pk": "B62qoZ5hwfauSoVWTG4eHGoEWy4KV1S11vJUEaPwaBF9PbufpNhtfHS",
        "delegate": "B62qoZ5hwfauSoVWTG4eHGoEWy4KV1S11vJUEaPwaBF9PbufpNhtfHS",
        "sk": null,
        "balance": "375000.000000000"
      },
      {
        "pk": "B62qjCmmj2T64GiLAsJBhnBEyA28voEJsG3PFbXP1wRakTKNJePCtjS",
        "delegate": "B62qjCmmj2T64GiLAsJBhnBEyA28voEJsG3PFbXP1wRakTKNJePCtjS",
        "sk": null,
        "balance": "375000.000000000"
      },
      {
        "pk": "B62qjSqjAsjxBJMAY4wnybyCfMHYB9nypLU81wD68PCH8KEZeU4eNjm",
        "delegate": "B62qjSqjAsjxBJMAY4wnybyCfMHYB9nypLU81wD68PCH8KEZeU4eNjm",
        "sk": null,
        "balance": "375000.000000000"
      },
      {
        "pk": "B62qokpZpTafUHAwx8UpR6Rwupz6kGiifmsdmmuq2sg8nMpoBmnjDAL",
        "delegate": "B62qokpZpTafUHAwx8UpR6Rwupz6kGiifmsdmmuq2sg8nMpoBmnjDAL",
        "sk": null,
        "balance": "375000.000000000"
      },
      {
        "pk": "B62qrvCeME8zcibhCwdKnNbxkyv82k9VuhqYN6XSE6izXXFrVF6tSQW",
        "delegate": "B62qrvCeME8zcibhCwdKnNbxkyv82k9VuhqYN6XSE6izXXFrVF6tSQW",
        "sk": null,
        "balance": "375000.000000000"
      },
      {
        "pk": "B62qo7kf6QvU26iC5Dnfjsns5wQaUEcXCRajBsTj2Pn7fBWfT9Wh9Um",
        "delegate": "B62qo7kf6QvU26iC5Dnfjsns5wQaUEcXCRajBsTj2Pn7fBWfT9Wh9Um",
        "sk": null,
        "balance": "375000.000000000"
      },
      {
        "pk": "B62qoqsAmiZjJbbryo3mf2MYa8m4ddMm1meKg9g2TNQdNPFxwGEvTtY",
        "delegate": "B62qoqsAmiZjJbbryo3mf2MYa8m4ddMm1meKg9g2TNQdNPFxwGEvTtY",
        "sk": null,
        "balance": "375000.000000000"
      },
      {
        "pk": "B62qnEUkJc3poFqo96JSpdY8uvZBXTBVsxYQqpHYR4FjoZufif3pBXV",
        "delegate": "B62qnEUkJc3poFqo96JSpdY8uvZBXTBVsxYQqpHYR4FjoZufif3pBXV",
        "sk": null,
        "balance": "375000.000000000"
      },
      {
        "pk": "B62qkw1Z2LXU5JnHCZawYXMfLi85BQUF1HiV3oWCtEf7GVK4esTP51h",
        "delegate": "B62qkw1Z2LXU5JnHCZawYXMfLi85BQUF1HiV3oWCtEf7GVK4esTP51h",
        "sk": null,
        "balance": "375000.000000000"
      },
      {
        "pk": "B62qjxP8dXdUks8BF3VATWKBF5qaLbVhHt7VZtc5fMTWdtX1cJpaJ7D",
        "delegate": "B62qjxP8dXdUks8BF3VATWKBF5qaLbVhHt7VZtc5fMTWdtX1cJpaJ7D",
        "sk": null,
        "balance": "375000.000000000"
      },
      {
        "pk": "B62qidVXqYNdshk1H7D3Tp1SRhVwMCeMCkuYgEbNySqbuYuDfWE3ksm",
        "delegate": "B62qidVXqYNdshk1H7D3Tp1SRhVwMCeMCkuYgEbNySqbuYuDfWE3ksm",
        "sk": null,
        "balance": "375000.000000000"
      },
      {
        "pk": "B62qpH9Vi2xthrnHEDz4TEZYNLyWLY7tJXbt2DYwPQvffwXpFBAKBXg",
        "delegate": "B62qpH9Vi2xthrnHEDz4TEZYNLyWLY7tJXbt2DYwPQvffwXpFBAKBXg",
        "sk": null,
        "balance": "375000.000000000"
      },
      {
        "pk": "B62qjmVN5SaBqf2gnF1VCbqocJ72cDhPEGAqi8UTAzNP1P8ynB1XAyq",
        "delegate": "B62qjmVN5SaBqf2gnF1VCbqocJ72cDhPEGAqi8UTAzNP1P8ynB1XAyq",
        "sk": null,
        "balance": "375000.000000000"
      },
      {
        "pk": "B62qpe1vVTQ3CedayALzUFNwKU3MwmknNYxWbV2qgnCB6i3Eg5LjTFx",
        "delegate": "B62qpe1vVTQ3CedayALzUFNwKU3MwmknNYxWbV2qgnCB6i3Eg5LjTFx",
        "sk": null,
        "balance": "375000.000000000"
      },
      {
        "pk": "B62qpD7dCGuBmWqfowfxgzqHeqTVNjewUerPFjfKLQMBV772osUsraR",
        "delegate": "B62qpD7dCGuBmWqfowfxgzqHeqTVNjewUerPFjfKLQMBV772osUsraR",
        "sk": null,
        "balance": "375000.000000000"
      },
      {
        "pk": "B62qn6yhHprScvDQoVrjKpBEmJtgVNCKxEtwPJcZLFaLoHQ5mTPU1Vz",
        "delegate": "B62qn6yhHprScvDQoVrjKpBEmJtgVNCKxEtwPJcZLFaLoHQ5mTPU1Vz",
        "sk": null,
        "balance": "375000.000000000"
      },
      {
        "pk": "B62qm4CwEdaAgem1aRtLqmm1gC3P4NqnBFd8QQ7ub6p3hZjfVcGGxRF",
        "delegate": "B62qm4CwEdaAgem1aRtLqmm1gC3P4NqnBFd8QQ7ub6p3hZjfVcGGxRF",
        "sk": null,
        "balance": "375000.000000000"
      },
      {
        "pk": "B62qmvHUKPUTGcd8V2BRw5kJZk8b3iFQQf3y7GeM2feQCz5d7pogFeo",
        "delegate": "B62qmvHUKPUTGcd8V2BRw5kJZk8b3iFQQf3y7GeM2feQCz5d7pogFeo",
        "sk": null,
        "balance": "375000.000000000"
      },
      {
        "pk": "B62qo9ZuQhw1LtoV4fvbuTa7gXKneKG2daGx8LSwpNkMW5pBSK1EuQu",
        "delegate": "B62qo9ZuQhw1LtoV4fvbuTa7gXKneKG2daGx8LSwpNkMW5pBSK1EuQu",
        "sk": null,
        "balance": "375000.000000000"
      },
      {
        "pk": "B62qiYL7neTrvFQmssdNYw3zPg6RbTkj7CL3pyaSEsS7eKLXLvA8cmV",
        "delegate": "B62qiYL7neTrvFQmssdNYw3zPg6RbTkj7CL3pyaSEsS7eKLXLvA8cmV",
        "sk": null,
        "balance": "375000.000000000"
      },
      {
        "pk": "B62qoQbvLFkaucVgFfvxav5anouLFEmkbqN6bj4NvgL1ZCrwKVCAyna",
        "delegate": "B62qoQbvLFkaucVgFfvxav5anouLFEmkbqN6bj4NvgL1ZCrwKVCAyna",
        "sk": null,
        "balance": "375000.000000000"
      },
      {
        "pk": "B62qpAtXmtiwGYxCpgbA3R94ZPih8CTAnjioeM9oAAtDqTrVPmk49M3",
        "delegate": "B62qpAtXmtiwGYxCpgbA3R94ZPih8CTAnjioeM9oAAtDqTrVPmk49M3",
        "sk": null,
        "balance": "375000.000000000"
      },
      {
        "pk": "B62qjqCsvFxc9Mbep4oyD781ChQmxn4SaRCse9YhxFx1iGS782LHU9P",
        "delegate": "B62qjqCsvFxc9Mbep4oyD781ChQmxn4SaRCse9YhxFx1iGS782LHU9P",
        "sk": null,
        "balance": "375000.000000000"
      },
      {
        "pk": "B62qqM7HXKEJtJGDw4WQm3szreqbhwsFvRfdbRd1DNFdqeqos4Vrvc3",
        "delegate": "B62qqM7HXKEJtJGDw4WQm3szreqbhwsFvRfdbRd1DNFdqeqos4Vrvc3",
        "sk": null,
        "balance": "375000.000000000"
      },
      {
        "pk": "B62qqtcGWtidKPcZW6zycd2pFm968sywpZUQDQfuuoNUXMhsTBWKhy3",
        "delegate": "B62qqtcGWtidKPcZW6zycd2pFm968sywpZUQDQfuuoNUXMhsTBWKhy3",
        "sk": null,
        "balance": "375000.000000000"
      },
      {
        "pk": "B62qo7qU8B7NH5YJuDLYMVwL4nTcAhBxAKd96NLSvh3ctvne5uSJvfL",
        "delegate": "B62qo7qU8B7NH5YJuDLYMVwL4nTcAhBxAKd96NLSvh3ctvne5uSJvfL",
        "sk": null,
        "balance": "375000.000000000"
      },
      {
        "pk": "B62qpHWiofY9P7XxPHffhiRT2XmjKtWxK9JMotVud4dphDSwr96p4st",
        "delegate": "B62qpHWiofY9P7XxPHffhiRT2XmjKtWxK9JMotVud4dphDSwr96p4st",
        "sk": null,
        "balance": "375000.000000000"
      },
      {
        "pk": "B62qozs4VGpR63EfLxyhiYWpNxZSavSFV2DpgZ9SymZmnApkW3kHDeX",
        "delegate": "B62qozs4VGpR63EfLxyhiYWpNxZSavSFV2DpgZ9SymZmnApkW3kHDeX",
        "sk": null,
        "balance": "375000.000000000"
      },
      {
        "pk": "B62qjsZC8H5ZWCo7AMCJwXdgASr6fkqRGqiHHHbb6L8T2Qk9PYcLAqa",
        "delegate": "B62qjsZC8H5ZWCo7AMCJwXdgASr6fkqRGqiHHHbb6L8T2Qk9PYcLAqa",
        "sk": null,
        "balance": "375000.000000000"
      },
      {
        "pk": "B62qmLqhndMnNn8vm2RfJZgqQ6VPg76QdQReoXkJhy67hE5hVsnrqWp",
        "delegate": "B62qmLqhndMnNn8vm2RfJZgqQ6VPg76QdQReoXkJhy67hE5hVsnrqWp",
        "sk": null,
        "balance": "375000.000000000"
      },
      {
        "pk": "B62qpxCkx24iZYVZqKiobuo4PSXprPQAyKqKEmAsNKttkQ9xwx6wP2E",
        "delegate": "B62qpxCkx24iZYVZqKiobuo4PSXprPQAyKqKEmAsNKttkQ9xwx6wP2E",
        "sk": null,
        "balance": "375000.000000000"
      },
      {
        "pk": "B62qmDCCnGVdqYX48hW5KkEscnCnQ4gp7yXs6Kq45ihaeWkWyP5qbhH",
        "delegate": "B62qmDCCnGVdqYX48hW5KkEscnCnQ4gp7yXs6Kq45ihaeWkWyP5qbhH",
        "sk": null,
        "balance": "375000.000000000"
      },
      {
        "pk": "B62qpnxy9EbvpRcRTTsA1cz4s1gJWKFkTeAFGNMLHJ2SPfBrhFWYfUq",
        "delegate": "B62qpnxy9EbvpRcRTTsA1cz4s1gJWKFkTeAFGNMLHJ2SPfBrhFWYfUq",
        "sk": null,
        "balance": "375000.000000000"
      },
      {
        "pk": "B62qqVWhVvbRyTjSsS7kHoJ42W4pjiXw2jZYJ73F8rAG3yZnxZAurbg",
        "delegate": "B62qqVWhVvbRyTjSsS7kHoJ42W4pjiXw2jZYJ73F8rAG3yZnxZAurbg",
        "sk": null,
        "balance": "375000.000000000"
      },
      {
        "pk": "B62qiwJD6xDki29JbcU2ErcuNcaF9mrhdP81ngH8ni4gXjnXLqNkn34",
        "delegate": "B62qiwJD6xDki29JbcU2ErcuNcaF9mrhdP81ngH8ni4gXjnXLqNkn34",
        "sk": null,
        "balance": "375000.000000000"
      },
      {
        "pk": "B62qnPPRWtLkQ2tEgAC6P6PTZaEogjhcJaXja74AmRw8miLEpLpbBBy",
        "delegate": "B62qnPPRWtLkQ2tEgAC6P6PTZaEogjhcJaXja74AmRw8miLEpLpbBBy",
        "sk": null,
        "balance": "375000.000000000"
      },
      {
        "pk": "B62qngsh2QWFdUgk3zAuc85ch8sdNWwNJB4oJma5N8AKaPPLeiSVdBx",
        "delegate": "B62qngsh2QWFdUgk3zAuc85ch8sdNWwNJB4oJma5N8AKaPPLeiSVdBx",
        "sk": null,
        "balance": "375000.000000000"
      },
      {
        "pk": "B62qrGaWmvxSwZKy2ccMhVe3f8eK1eZtz7G4PG21atqSo8ftywueyiT",
        "delegate": "B62qrGaWmvxSwZKy2ccMhVe3f8eK1eZtz7G4PG21atqSo8ftywueyiT",
        "sk": null,
        "balance": "375000.000000000"
      },
      {
        "pk": "B62qpbGTfXNTTHFP9KY6cZSLczGxJgeLd947NoG4F2LEBzKqEeaegPJ",
        "delegate": "B62qpbGTfXNTTHFP9KY6cZSLczGxJgeLd947NoG4F2LEBzKqEeaegPJ",
        "sk": null,
        "balance": "375000.000000000"
      },
      {
        "pk": "B62qmnbc6Yc3NNaPMMTvHh1A9u8jXLhuUsRMqPehYgnoTg9M4E2vYkN",
        "delegate": "B62qmnbc6Yc3NNaPMMTvHh1A9u8jXLhuUsRMqPehYgnoTg9M4E2vYkN",
        "sk": null,
        "balance": "375000.000000000"
      },
      {
        "pk": "B62qiqmiiYSa3b5xj7P3EASsXkg6kJhShFg341qHhqW6D2tEvcsVJbT",
        "delegate": "B62qiqmiiYSa3b5xj7P3EASsXkg6kJhShFg341qHhqW6D2tEvcsVJbT",
        "sk": null,
        "balance": "375000.000000000"
      },
      {
        "pk": "B62qoegKakADHE9LkVquZjKoGA8Zv3h3EsAPpncxJNaT7SRMT1AA8Zh",
        "delegate": "B62qoegKakADHE9LkVquZjKoGA8Zv3h3EsAPpncxJNaT7SRMT1AA8Zh",
        "sk": null,
        "balance": "375000.000000000"
      },
      {
        "pk": "B62qp3wsokcxtmaZEAn9EFQU4dKqN9Ty3HkVtJ9ArejJsAi5hgtPSgD",
        "delegate": "B62qp3wsokcxtmaZEAn9EFQU4dKqN9Ty3HkVtJ9ArejJsAi5hgtPSgD",
        "sk": null,
        "balance": "375000.000000000"
      },
      {
        "pk": "B62qiUYEusqfNZchjYrtqXDhjWvhc1j6wEiS4CNUfAcKwm2o3qWTP91",
        "delegate": "B62qiUYEusqfNZchjYrtqXDhjWvhc1j6wEiS4CNUfAcKwm2o3qWTP91",
        "sk": null,
        "balance": "375000.000000000"
      },
      {
        "pk": "B62qo1QXfNUWjxG77j4L7J4NjFCYEYPL12vvbhPcfVwBxwTDkN51QMa",
        "delegate": "B62qo1QXfNUWjxG77j4L7J4NjFCYEYPL12vvbhPcfVwBxwTDkN51QMa",
        "sk": null,
        "balance": "375000.000000000"
      },
      {
        "pk": "B62qmf3aAFmq1upr99DA2ShUJkPVP37LYSrK5UbP3Efpbx22D8Kk9wT",
        "delegate": "B62qmf3aAFmq1upr99DA2ShUJkPVP37LYSrK5UbP3Efpbx22D8Kk9wT",
        "sk": null,
        "balance": "375000.000000000"
      },
      {
        "pk": "B62qmG27yYmBkQBj4NxQ6T8nsWJB3G3NSWfWoC6mQFwZqedrudb65VU",
        "delegate": "B62qmG27yYmBkQBj4NxQ6T8nsWJB3G3NSWfWoC6mQFwZqedrudb65VU",
        "sk": null,
        "balance": "375000.000000000"
      },
      {
        "pk": "B62qqNkuZo6zLrxeKZ2tEK7t3WHp9j4nPpNsZopZabWt3CLUD1zbmvR",
        "delegate": "B62qqNkuZo6zLrxeKZ2tEK7t3WHp9j4nPpNsZopZabWt3CLUD1zbmvR",
        "sk": null,
        "balance": "375000.000000000"
      },
      {
        "pk": "B62qpa6eNFdJvRbJNSdmv5WWcMPNQ75wL8KivgrTMaUcs2xcAE127G9",
        "delegate": "B62qpa6eNFdJvRbJNSdmv5WWcMPNQ75wL8KivgrTMaUcs2xcAE127G9",
        "sk": null,
        "balance": "375000.000000000"
      },
      {
        "pk": "B62qnKXyJkQcB1sPAzjZN9DyiBNs52euy5CgZkTrigp17n5cYAhmGMa",
        "delegate": "B62qnKXyJkQcB1sPAzjZN9DyiBNs52euy5CgZkTrigp17n5cYAhmGMa",
        "sk": null,
        "balance": "375000.000000000"
      },
      {
        "pk": "B62qofZTsxUoPeVRZC4L9FHe1HQuy5gZsh311183Ucbito7Rv9t9HX7",
        "delegate": "B62qofZTsxUoPeVRZC4L9FHe1HQuy5gZsh311183Ucbito7Rv9t9HX7",
        "sk": null,
        "balance": "375000.000000000"
      },
      {
        "pk": "B62qqBmMeDvkTNaacqhVpxThxYyenqD4cck9wFPpAbvUrtmqYaDqbxq",
        "delegate": "B62qqBmMeDvkTNaacqhVpxThxYyenqD4cck9wFPpAbvUrtmqYaDqbxq",
        "sk": null,
        "balance": "375000.000000000"
      },
      {
        "pk": "B62qnzkkYwwyWkTQtKwWKUgeQPEuB3kxx1Ey2GwmE2cy1CWDt2mpbDE",
        "delegate": "B62qnzkkYwwyWkTQtKwWKUgeQPEuB3kxx1Ey2GwmE2cy1CWDt2mpbDE",
        "sk": null,
        "balance": "375000.000000000"
      },
      {
        "pk": "B62qkffagNyebRVKsUkkqtPxM1Q5etto21eVtFYiX3od8hLt8EhmBYS",
        "delegate": "B62qkffagNyebRVKsUkkqtPxM1Q5etto21eVtFYiX3od8hLt8EhmBYS",
        "sk": null,
        "balance": "375000.000000000"
      },
      {
        "pk": "B62qq2EA4isGt9hmr9EXviceoJMbyvF7RHMB2QVGaoNhTTdrLQrcbkw",
        "delegate": "B62qq2EA4isGt9hmr9EXviceoJMbyvF7RHMB2QVGaoNhTTdrLQrcbkw",
        "sk": null,
        "balance": "375000.000000000"
      },
      {
        "pk": "B62qrnzEDK7tWa7SgCtzTyc5XfABBjytpNNi4qsT34mYuUc5CMP3e3M",
        "delegate": "B62qrnzEDK7tWa7SgCtzTyc5XfABBjytpNNi4qsT34mYuUc5CMP3e3M",
        "sk": null,
        "balance": "375000.000000000"
      },
      {
        "pk": "B62qmQ1keYjfChyyQBVv9vzV8Szh57DN8yJB8NAcmtYD8VmdYBYKXLx",
        "delegate": "B62qmQ1keYjfChyyQBVv9vzV8Szh57DN8yJB8NAcmtYD8VmdYBYKXLx",
        "sk": null,
        "balance": "375000.000000000"
      },
      {
        "pk": "B62qpNS1BEYjQsA4YeXBzrKVh2y8UoVC1THeWZpPUC9Mc4ZTuguSEVV",
        "delegate": "B62qpNS1BEYjQsA4YeXBzrKVh2y8UoVC1THeWZpPUC9Mc4ZTuguSEVV",
        "sk": null,
        "balance": "375000.000000000"
      },
      {
        "pk": "B62qqr7HCerFtsViRdFS4mQFg2Gxz7jJbcev4XTd3vE4jWJZpqf1qLY",
        "delegate": "B62qqr7HCerFtsViRdFS4mQFg2Gxz7jJbcev4XTd3vE4jWJZpqf1qLY",
        "sk": null,
        "balance": "375000.000000000"
      },
      {
        "pk": "B62qoZt2KEFVG9TKs9NtSy9tAmeBNTikQ4wuvt8oD6jbiBsh8D8kri9",
        "delegate": "B62qoZt2KEFVG9TKs9NtSy9tAmeBNTikQ4wuvt8oD6jbiBsh8D8kri9",
        "sk": null,
        "balance": "375000.000000000"
      },
      {
        "pk": "B62qjZsnPvY7E21JLDtEcKVtjqdoccpXJffxU1bjUaGFHjSjjBX2u2R",
        "delegate": "B62qjZsnPvY7E21JLDtEcKVtjqdoccpXJffxU1bjUaGFHjSjjBX2u2R",
        "sk": null,
        "balance": "375000.000000000"
      },
      {
        "pk": "B62qjCnQdZ2EjDNqj4VB8YhniErVUYQrYSyQz11gomZUy1Riz5scDhC",
        "delegate": "B62qjCnQdZ2EjDNqj4VB8YhniErVUYQrYSyQz11gomZUy1Riz5scDhC",
        "sk": null,
        "balance": "375000.000000000"
      },
      {
        "pk": "B62qmBTdtvUqcmd93rkFzgWGnkxvEuS36JuGbbTVMgpms9mek5G79Co",
        "delegate": "B62qmBTdtvUqcmd93rkFzgWGnkxvEuS36JuGbbTVMgpms9mek5G79Co",
        "sk": null,
        "balance": "375000.000000000"
      },
      {
        "pk": "B62qktwgpz3P1LbSGNABtLeoYyS4mkPSQprgDsm6Wrzvm7APtxG6yhw",
        "delegate": "B62qktwgpz3P1LbSGNABtLeoYyS4mkPSQprgDsm6Wrzvm7APtxG6yhw",
        "sk": null,
        "balance": "375000.000000000"
      },
      {
        "pk": "B62qoTJyHKLhcEhE7fWZSzSn5ySJe1uk24oj6YEc6yWHsKZzTYLuamU",
        "delegate": "B62qoTJyHKLhcEhE7fWZSzSn5ySJe1uk24oj6YEc6yWHsKZzTYLuamU",
        "sk": null,
        "balance": "375000.000000000"
      },
      {
        "pk": "B62qqT7oeNDx3nUZ29zp75Y75vNiJgCmiYYSxSJfGyBR17H67wXHd3N",
        "delegate": "B62qqT7oeNDx3nUZ29zp75Y75vNiJgCmiYYSxSJfGyBR17H67wXHd3N",
        "sk": null,
        "balance": "375000.000000000"
      },
      {
        "pk": "B62qky73fBn9ayXqYPbNvqG5a4YA9BLzCDYgjaPjhnDddeEfVqtK5H8",
        "delegate": "B62qky73fBn9ayXqYPbNvqG5a4YA9BLzCDYgjaPjhnDddeEfVqtK5H8",
        "sk": null,
        "balance": "2250000.000000000"
      },
      {
        "pk": "B62qrgVu84mTVJvpT17XrVfYSZRAZCWACUs6ycqevQPkPuYsmf5PXS6",
        "delegate": "B62qrgVu84mTVJvpT17XrVfYSZRAZCWACUs6ycqevQPkPuYsmf5PXS6",
        "sk": null,
        "balance": "2250000.000000000"
      },
      {
        "pk": "B62qjaGMX3SLnvUwy6TQtRq72SoHMWxueMp8BiY5rnSM61JVSTPtZqK",
        "delegate": "B62qjaGMX3SLnvUwy6TQtRq72SoHMWxueMp8BiY5rnSM61JVSTPtZqK",
        "sk": null,
        "balance": "2250000.000000000"
      },
      {
        "pk": "B62qrLkotTjg69hWgc8brBjAqv3xfC7SUubDecoqvLwyuQeMct7KknU",
        "delegate": "B62qrLkotTjg69hWgc8brBjAqv3xfC7SUubDecoqvLwyuQeMct7KknU",
        "sk": null,
        "balance": "2250000.000000000"
      },
      {
        "pk": "B62qjbaB4tnGH1dZ1ngsdmYJMocMBnq4KDSQApiEvK4oWS5kMjwRcD3",
        "delegate": "B62qjbaB4tnGH1dZ1ngsdmYJMocMBnq4KDSQApiEvK4oWS5kMjwRcD3",
        "sk": null,
        "balance": "2250000.000000000"
      },
      {
        "pk": "B62qmVoqFLZFaiRbCUMLAkN9M1VrmAqGfvDWqDKi32SWk7V643WqU6d",
        "delegate": "B62qmVoqFLZFaiRbCUMLAkN9M1VrmAqGfvDWqDKi32SWk7V643WqU6d",
        "sk": null,
        "balance": "2250000.000000000"
      },
      {
        "pk": "B62qobDSrSK2A5twvYHRNuSWamcT4cDeWZmYeL9DqQZqVuzFRCR8Kw2",
        "delegate": "B62qobDSrSK2A5twvYHRNuSWamcT4cDeWZmYeL9DqQZqVuzFRCR8Kw2",
        "sk": null,
        "balance": "2250000.000000000"
      },
      {
        "pk": "B62qmFrTsowwPNzJJEvt8DS27M3EK1TTMxbXcYMUL8VjG6kuUH6VkcP",
        "delegate": "B62qmFrTsowwPNzJJEvt8DS27M3EK1TTMxbXcYMUL8VjG6kuUH6VkcP",
        "sk": null,
        "balance": "2250000.000000000"
      },
      {
        "pk": "B62qmFGvzjzD1NWu3TFmkZhe6vCdmQFLMNLpAWPXj9vnRMDWySh7wA3",
        "delegate": "B62qmFGvzjzD1NWu3TFmkZhe6vCdmQFLMNLpAWPXj9vnRMDWySh7wA3",
        "sk": null,
        "balance": "2250000.000000000"
      },
      {
        "pk": "B62qp1px7NHa3Y9Wns2Tfty8qVT1sKkvZnMjjkww3EKdiwjJ72b6zAq",
        "delegate": "B62qp1px7NHa3Y9Wns2Tfty8qVT1sKkvZnMjjkww3EKdiwjJ72b6zAq",
        "sk": null,
        "balance": "2250000.000000000"
      },
      {
        "pk": "B62qjVm36YWD6zysHYaKC8C3FbGK4QtdvCCTkD8cSSNt9h2f5JQaeeg",
        "delegate": "B62qjVm36YWD6zysHYaKC8C3FbGK4QtdvCCTkD8cSSNt9h2f5JQaeeg",
        "sk": null,
        "balance": "2250000.000000000"
      },
      {
        "pk": "B62qnqDQ42aUFGtrTrCDTkN9mmiUC8g9J14so6MGA11tcKodecNWRQU",
        "delegate": "B62qnqDQ42aUFGtrTrCDTkN9mmiUC8g9J14so6MGA11tcKodecNWRQU",
        "sk": null,
        "balance": "2250000.000000000"
      },
      {
        "pk": "B62qpTXK2JuPjNZukN6NLwLyVt5fiVQCVXewhb98XyMwDf2FH844udb",
        "delegate": "B62qpTXK2JuPjNZukN6NLwLyVt5fiVQCVXewhb98XyMwDf2FH844udb",
        "sk": null,
        "balance": "2250000.000000000"
      },
      {
        "pk": "B62qjFyD44Z2CfQWGkwHmtdTLvc7wVeYXBCq8zCrGqccPS6iuyBNr3C",
        "delegate": "B62qjFyD44Z2CfQWGkwHmtdTLvc7wVeYXBCq8zCrGqccPS6iuyBNr3C",
        "sk": null,
        "balance": "2250000.000000000"
      },
      {
        "pk": "B62qrTfr4fZFqpf3Rwi5zTULH5h7ubr2njS7GVzuzWJtmSz7DFfTFLL",
        "delegate": "B62qrTfr4fZFqpf3Rwi5zTULH5h7ubr2njS7GVzuzWJtmSz7DFfTFLL",
        "sk": null,
        "balance": "2250000.000000000"
      },
      {
        "pk": "B62qoH7gKMzmJ1quomj8vCECEdtEmcxRfXQnqttZdgGcpN1fojkxeTA",
        "delegate": "B62qoH7gKMzmJ1quomj8vCECEdtEmcxRfXQnqttZdgGcpN1fojkxeTA",
        "sk": null,
        "balance": "2250000.000000000"
      },
      {
        "pk": "B62qrx44KcDdPd126rbxTLzPhTSdLCsGijkeS1w7i3g7TPiWb4d619N",
        "delegate": "B62qrx44KcDdPd126rbxTLzPhTSdLCsGijkeS1w7i3g7TPiWb4d619N",
        "sk": null,
        "balance": "2250000.000000000"
      },
      {
        "pk": "B62qm4vXekmFK9Cx6azr33wUW5AGGSfsRcDwx38MXDBjjVMnpXG5GMY",
        "delegate": "B62qm4vXekmFK9Cx6azr33wUW5AGGSfsRcDwx38MXDBjjVMnpXG5GMY",
        "sk": null,
        "balance": "2250000.000000000"
      }
    ]
  }
}
