{
  "__inputs": [
    {
      "name": "DS_GRAFANACLOUD-O1TESTNET-PROM",
      "label": "grafanacloud-o1testnet-prom",
      "description": "",
      "type": "datasource",
      "pluginId": "prometheus",
      "pluginName": "Prometheus"
    }
  ],
  "__requires": [
    {
      "type": "panel",
      "id": "gauge",
      "name": "Gauge",
      "version": ""
    },
    {
      "type": "grafana",
      "id": "grafana",
      "name": "Grafana",
      "version": "8.2.2"
    },
    {
      "type": "panel",
      "id": "graph",
      "name": "Graph (old)",
      "version": ""
    },
    {
      "type": "datasource",
      "id": "prometheus",
      "name": "Prometheus",
      "version": "1.0.0"
    }
  ],
  "annotations": {
    "list": [
      {
        "$$hashKey": "object:11",
        "builtIn": 1,
        "datasource": "-- Grafana --",
        "enable": true,
        "hide": true,
        "iconColor": "rgba(0, 211, 255, 1)",
        "name": "Annotations & Alerts",
        "target": {
          "limit": 100,
          "matchAny": false,
          "tags": [],
          "type": "dashboard"
        },
        "type": "dashboard"
      }
    ]
  },
  "editable": true,
  "fiscalYearStartMonth": 0,
  "gnetId": null,
  "graphTooltip": 0,
  "id": null,
  "iteration": 1634935117358,
  "links": [],
  "liveNow": false,
  "panels": [
    {
      "aliasColors": {},
      "bars": false,
      "dashLength": 10,
      "dashes": false,
      "datasource": "Prometheus",
      "fill": 1,
      "fillGradient": 0,
      "gridPos": {
        "h": 8,
        "w": 12,
        "x": 0,
        "y": 0
      },
      "hiddenSeries": false,
      "id": 46,
      "legend": {
        "avg": false,
        "current": false,
        "max": false,
        "min": false,
        "show": true,
        "total": false,
        "values": false
      },
      "lines": true,
      "linewidth": 1,
      "nullPointMode": "null",
      "options": {
        "alertThreshold": true
      },
      "percentage": false,
      "pluginVersion": "8.2.2",
      "pointradius": 2,
      "points": false,
      "renderer": "flot",
      "seriesOverrides": [],
      "spaceLength": 10,
      "stack": false,
      "steppedLine": false,
      "targets": [
        {
          "exemplar": true,
          "expr": "Coda_watchdog_nodes_queried{testnet=\"$testnet\"}",
          "hide": false,
          "interval": "",
          "legendFormat": "# nodes queried",
          "refId": "A"
        },
        {
          "exemplar": true,
          "expr": "Coda_watchdog_nodes_responded{testnet=\"$testnet\"}",
          "hide": false,
          "interval": "",
          "legendFormat": "# nodes responded with their statuses",
          "refId": "B"
        },
        {
          "exemplar": true,
          "expr": "Coda_watchdog_node_status_errors{testnet=\"$testnet\"}",
          "hide": false,
          "interval": "",
          "legendFormat": "Total # errors",
          "refId": "C"
        },
        {
          "exemplar": true,
          "expr": "Coda_watchdog_connection_refused{testnet=\"$testnet\"}",
          "interval": "",
          "legendFormat": "# connection refused errors",
          "queryType": "randomWalk",
          "refId": "D"
        },
        {
          "exemplar": true,
          "expr": "Coda_watchdog_deadline_exceeded{testnet=\"$testnet\"}",
          "hide": false,
          "interval": "",
          "legendFormat": "# context deadline exceeded errors",
          "refId": "E"
        },
        {
          "exemplar": true,
          "expr": "Coda_watchdog_failed_negotiation{testnet=\"$testnet\"}",
          "hide": false,
          "interval": "",
          "legendFormat": "# failed negotiation errors",
          "refId": "F"
        },
        {
          "exemplar": true,
          "expr": "Coda_watchdog_size_limit_exceeded{testnet=\"$testnet\"}",
          "hide": false,
          "interval": "",
          "legendFormat": "# size limit exceeded errors",
          "refId": "G"
        },
        {
          "exemplar": true,
          "expr": "Coda_watchdog_timed_out{testnet=\"$testnet\"}",
          "hide": false,
          "interval": "",
          "legendFormat": "# time-out errors",
          "refId": "H"
        },
        {
          "exemplar": true,
          "expr": "Coda_watchdog_stream_reset{testnet=\"$testnet\"}",
          "hide": false,
          "interval": "",
          "legendFormat": "# stream reset errors",
          "refId": "I"
        },
        {
          "exemplar": true,
          "expr": "Coda_watchdog_node_status_other_errors{testnet=\"$testnet\"}",
          "hide": false,
          "interval": "",
          "legendFormat": "# other errors",
          "refId": "J"
        }
      ],
      "thresholds": [],
      "timeFrom": null,
      "timeRegions": [],
      "timeShift": null,
      "title": "Node Status Responses",
      "tooltip": {
        "shared": true,
        "sort": 0,
        "value_type": "individual"
      },
      "type": "graph",
      "xaxis": {
        "buckets": null,
        "mode": "time",
        "name": null,
        "show": true,
        "values": []
      },
      "yaxes": [
        {
          "$$hashKey": "object:1276",
          "format": "short",
          "label": null,
          "logBase": 1,
          "max": null,
          "min": null,
          "show": true
        },
        {
          "$$hashKey": "object:1277",
          "format": "short",
          "label": null,
          "logBase": 1,
          "max": null,
          "min": null,
          "show": true
        }
      ],
      "yaxis": {
        "align": false,
        "alignLevel": null
      }
    },
    {
      "aliasColors": {},
      "bars": false,
      "dashLength": 10,
      "dashes": false,
      "datasource": "Prometheus",
      "fieldConfig": {
        "defaults": {
          "links": []
        },
        "overrides": []
      },
      "fill": 1,
      "fillGradient": 1,
      "gridPos": {
        "h": 7,
        "w": 12,
        "x": 12,
        "y": 0
      },
      "hiddenSeries": false,
      "id": 19,
      "legend": {
        "avg": false,
        "current": true,
        "hideEmpty": false,
        "hideZero": false,
        "max": false,
        "min": false,
        "show": true,
        "total": false,
        "values": true
      },
      "lines": true,
      "linewidth": 2,
      "nullPointMode": "null",
      "options": {
        "alertThreshold": true
      },
      "percentage": false,
      "pluginVersion": "8.2.2",
      "pointradius": 2,
      "points": false,
      "renderer": "flot",
      "seriesOverrides": [
        {
          "$$hashKey": "object:68",
          "alias": "Block Height",
          "linewidth": 3
        }
      ],
      "spaceLength": 10,
      "stack": false,
      "steppedLine": false,
      "targets": [
        {
          "expr": "Coda_Transition_frontier_max_blocklength_observed{testnet=\"$testnet\"}",
          "format": "time_series",
          "instant": false,
          "interval": "",
          "legendFormat": "{{app}}",
          "refId": "B"
        }
      ],
      "thresholds": [],
      "timeFrom": null,
      "timeRegions": [],
      "timeShift": null,
      "title": "Block Height by Node",
      "tooltip": {
        "shared": true,
        "sort": 0,
        "value_type": "individual"
      },
      "type": "graph",
      "xaxis": {
        "buckets": null,
        "mode": "time",
        "name": null,
        "show": true,
        "values": []
      },
      "yaxes": [
        {
          "$$hashKey": "object:143",
          "format": "none",
          "label": null,
          "logBase": 1,
          "max": null,
          "min": null,
          "show": true
        },
        {
          "$$hashKey": "object:144",
          "format": "none",
          "label": null,
          "logBase": 1,
          "max": null,
          "min": null,
          "show": true
        }
      ],
      "yaxis": {
        "align": false,
        "alignLevel": null
      }
    },
    {
      "aliasColors": {},
      "bars": false,
      "dashLength": 10,
      "dashes": false,
      "datasource": "Prometheus",
      "fill": 1,
      "fillGradient": 1,
      "gridPos": {
        "h": 6,
        "w": 12,
        "x": 12,
        "y": 7
      },
      "hiddenSeries": false,
      "id": 43,
      "interval": "5m",
      "legend": {
        "avg": false,
        "current": true,
        "hideEmpty": true,
        "hideZero": true,
        "max": false,
        "min": false,
        "show": true,
        "total": false,
        "values": true
      },
      "lines": true,
      "linewidth": 2,
      "nullPointMode": "null",
      "options": {
        "alertThreshold": true
      },
      "percentage": false,
      "pluginVersion": "8.2.2",
      "pointradius": 2,
      "points": false,
      "renderer": "flot",
      "seriesOverrides": [
        {
          "$$hashKey": "object:1024",
          "alias": "critical",
          "color": "#F2495C",
          "linewidth": 0,
          "yaxis": 2
        },
        {
          "$$hashKey": "object:1042",
          "alias": "normal",
          "color": "#73BF69",
          "linewidth": 0,
          "yaxis": 2
        }
      ],
      "spaceLength": 10,
      "stack": false,
      "steppedLine": false,
      "targets": [
        {
          "expr": "Coda_Transition_frontier_min_window_density {testnet=\"$testnet\"}",
          "format": "time_series",
          "instant": false,
          "interval": "",
          "legendFormat": "{{app}}",
          "queryType": "randomWalk",
          "refId": "A"
        }
      ],
      "thresholds": [
        {
          "$$hashKey": "object:256",
          "colorMode": "critical",
          "fill": true,
          "line": true,
          "op": "lt",
          "value": 43.3125,
          "yaxis": "left"
        }
      ],
      "timeFrom": null,
      "timeRegions": [],
      "timeShift": null,
      "title": "LowMinWindowDensity",
      "tooltip": {
        "shared": true,
        "sort": 0,
        "value_type": "individual"
      },
      "type": "graph",
      "xaxis": {
        "buckets": null,
        "mode": "time",
        "name": null,
        "show": true,
        "values": []
      },
      "yaxes": [
        {
          "$$hashKey": "object:760",
          "format": "short",
          "label": null,
          "logBase": 1,
          "max": null,
          "min": "0",
          "show": true
        },
        {
          "$$hashKey": "object:761",
          "format": "short",
          "label": null,
          "logBase": 1,
          "max": "1",
          "min": "0",
          "show": true
        }
      ],
      "yaxis": {
        "align": false,
        "alignLevel": null
      }
    },
    {
      "datasource": "Prometheus",
      "fieldConfig": {
        "defaults": {
          "color": {
            "mode": "thresholds"
          },
          "mappings": [],
          "thresholds": {
            "mode": "absolute",
            "steps": [
              {
                "color": "green",
                "value": null
              },
              {
                "color": "#EAB839",
                "value": 24
              },
              {
                "color": "dark-green",
                "value": 48
              }
            ]
          }
        },
        "overrides": []
      },
      "gridPos": {
        "h": 7,
        "w": 12,
        "x": 0,
        "y": 8
      },
      "id": 33,
      "options": {
        "orientation": "auto",
        "reduceOptions": {
          "calcs": [
            "lastNotNull"
          ],
          "fields": "",
          "values": false
        },
        "showThresholdLabels": false,
        "showThresholdMarkers": true,
        "text": {}
      },
      "pluginVersion": "8.2.2",
      "targets": [
        {
          "expr": "Coda_Runtime_process_uptime_ms_total{testnet=\"$testnet\", role=\"seed\"} / 1000 / 60 / 60",
          "instant": true,
          "interval": "",
          "legendFormat": "{{app}}",
          "refId": "A"
        }
      ],
      "timeFrom": null,
      "timeShift": null,
      "title": "Hours of Uptime by Node",
      "transparent": true,
      "type": "gauge"
    },
    {
      "aliasColors": {},
      "bars": false,
      "dashLength": 10,
      "dashes": false,
      "datasource": "Prometheus",
      "fieldConfig": {
        "defaults": {
          "links": []
        },
        "overrides": []
      },
      "fill": 1,
      "fillGradient": 0,
      "gridPos": {
        "h": 6,
        "w": 12,
        "x": 12,
        "y": 13
      },
      "hiddenSeries": false,
      "id": 12,
      "legend": {
        "avg": false,
        "current": false,
        "max": false,
        "min": false,
        "show": true,
        "total": false,
        "values": false
      },
      "lines": true,
      "linewidth": 1,
      "nullPointMode": "null",
      "options": {
        "alertThreshold": true
      },
      "percentage": false,
      "pluginVersion": "8.2.2",
      "pointradius": 2,
      "points": false,
      "renderer": "flot",
      "seriesOverrides": [],
      "spaceLength": 10,
      "stack": false,
      "steppedLine": false,
      "targets": [
        {
          "exemplar": true,
          "expr": "avg(Coda_Scan_state_base_snarks_required_tree0{testnet=\"$testnet\"}+ Coda_Scan_state_merge_snarks_required_tree0{testnet=\"$testnet\"})",
          "hide": false,
          "interval": "",
          "legendFormat": "Tree 0",
          "refId": "C"
        },
        {
          "exemplar": true,
          "expr": "avg(Coda_Scan_state_base_snarks_required_tree1{testnet=\"$testnet\"}+ Coda_Scan_state_merge_snarks_required_tree1{testnet=\"$testnet\"})",
          "interval": "",
          "legendFormat": "Tree 1",
          "refId": "A"
        },
        {
          "exemplar": true,
          "expr": "avg(Coda_Scan_state_base_snarks_required_tree2{testnet=\"$testnet\"}+ Coda_Scan_state_merge_snarks_required_tree2{testnet=\"$testnet\"})",
          "interval": "",
          "legendFormat": "Tree 2",
          "refId": "B"
        },
        {
          "exemplar": true,
          "expr": "avg(Coda_Scan_state_base_snarks_required_tree3{testnet=\"$testnet\"}+ Coda_Scan_state_merge_snarks_required_tree3{testnet=\"$testnet\"})",
          "interval": "",
          "legendFormat": "Tree 3",
          "refId": "D"
        },
        {
          "exemplar": true,
          "expr": "avg(Coda_Scan_state_base_snarks_required_tree4{testnet=\"$testnet\"}+ Coda_Scan_state_merge_snarks_required_tree4{testnet=\"$testnet\"})",
          "interval": "",
          "legendFormat": "Tree 4",
          "refId": "E"
        },
        {
          "exemplar": true,
          "expr": "avg(Coda_Scan_state_base_snarks_required_tree5{testnet=\"$testnet\"}+ Coda_Scan_state_merge_snarks_required_tree5{testnet=\"$testnet\"})",
          "interval": "",
          "legendFormat": "Tree 5",
          "refId": "F"
        },
        {
          "exemplar": true,
          "expr": "avg(Coda_Scan_state_base_snarks_required_tree6{testnet=\"$testnet\"}+ Coda_Scan_state_merge_snarks_required_tree6{testnet=\"$testnet\"})",
          "interval": "",
          "legendFormat": "Tree 6",
          "refId": "G"
        },
        {
          "exemplar": true,
          "expr": "avg(Coda_Scan_state_base_snarks_required_tree7{testnet=\"$testnet\"}+ Coda_Scan_state_merge_snarks_required_tree7{testnet=\"$testnet\"})",
          "interval": "",
          "legendFormat": "Tree 7",
          "refId": "H"
        },
        {
          "exemplar": true,
          "expr": "avg(Coda_Scan_state_base_snarks_required_tree8{testnet=\"$testnet\"}+ Coda_Scan_state_merge_snarks_required_tree8{testnet=\"$testnet\"})",
          "interval": "",
          "legendFormat": "Tree 8",
          "refId": "I"
        },
        {
          "exemplar": true,
          "expr": "avg(Coda_Scan_state_base_snarks_required_tree9{testnet=\"$testnet\"}+ Coda_Scan_state_merge_snarks_required_tree9{testnet=\"$testnet\"})",
          "interval": "",
          "legendFormat": "Tree 9",
          "refId": "J"
        },
        {
          "exemplar": true,
          "expr": "avg(Coda_Scan_state_base_snarks_required_tree10{testnet=\"$testnet\"}+ Coda_Scan_state_merge_snarks_required_tree10{testnet=\"$testnet\"})",
          "interval": "",
          "legendFormat": "Tree 10",
          "refId": "K"
        },
        {
          "exemplar": true,
          "expr": "avg(Coda_Scan_state_base_snarks_required_tree11{testnet=\"$testnet\"}+ Coda_Scan_state_merge_snarks_required_tree11{testnet=\"$testnet\"})",
          "interval": "",
          "legendFormat": "Tree 11",
          "refId": "L"
        },
        {
          "exemplar": true,
          "expr": "avg(Coda_Scan_state_base_snarks_required_tree12{testnet=\"$testnet\"}+ Coda_Scan_state_merge_snarks_required_tree12{testnet=\"$testnet\"})",
          "interval": "",
          "legendFormat": "Tree 12",
          "refId": "M"
        },
        {
          "exemplar": true,
          "expr": "avg(Coda_Scan_state_base_snarks_required_tree13{testnet=\"$testnet\"}+ Coda_Scan_state_merge_snarks_required_tree13{testnet=\"$testnet\"})",
          "interval": "",
          "legendFormat": "Tree 13",
          "refId": "N"
        },
        {
          "exemplar": true,
          "expr": "avg(Coda_Scan_state_base_snarks_required_tree14{testnet=\"$testnet\"}+ Coda_Scan_state_merge_snarks_required_tree14{testnet=\"$testnet\"})",
          "interval": "",
          "legendFormat": "Tree 14",
          "refId": "O"
        },
        {
          "exemplar": true,
          "expr": "avg(Coda_Scan_state_base_snarks_required_tree15{testnet=\"$testnet\"}+ Coda_Scan_state_merge_snarks_required_tree15{testnet=\"$testnet\"})",
          "interval": "",
          "legendFormat": "Tree 15",
          "refId": "P"
        },
        {
          "exemplar": true,
          "expr": "avg(Coda_Scan_state_base_snarks_required_tree16{testnet=\"$testnet\"}+ Coda_Scan_state_merge_snarks_required_tree16{testnet=\"$testnet\"})",
          "hide": false,
          "interval": "",
          "legendFormat": "Tree 16",
          "refId": "Q"
        },
        {
          "exemplar": true,
          "expr": "avg(Coda_Scan_state_base_snarks_required_tree17{testnet=\"$testnet\"}+ Coda_Scan_state_merge_snarks_required_tree17{testnet=\"$testnet\"})",
          "hide": false,
          "interval": "",
          "legendFormat": "Tree 17",
          "refId": "R"
        },
        {
          "exemplar": true,
          "expr": "avg(Coda_Scan_state_base_snarks_required_tree18{testnet=\"$testnet\"}+ Coda_Scan_state_merge_snarks_required_tree18{testnet=\"$testnet\"})",
          "hide": false,
          "interval": "",
          "legendFormat": "Tree 18",
          "refId": "S"
        },
        {
          "exemplar": true,
          "expr": "avg(Coda_Scan_state_base_snarks_required_tree19{testnet=\"$testnet\"}+ Coda_Scan_state_merge_snarks_required_tree19{testnet=\"$testnet\"})",
          "hide": false,
          "interval": "",
          "legendFormat": "Tree 19",
          "refId": "T"
        },
        {
          "exemplar": true,
          "expr": "avg(Coda_Scan_state_base_snarks_required_tree20{testnet=\"$testnet\"}+ Coda_Scan_state_merge_snarks_required_tree20{testnet=\"$testnet\"})",
          "hide": false,
          "interval": "",
          "legendFormat": "Tree 20",
          "refId": "U"
        },
        {
          "exemplar": true,
          "expr": "avg(Coda_Scan_state_base_snarks_required_tree21{testnet=\"$testnet\"}+ Coda_Scan_state_merge_snarks_required_tree21{testnet=\"$testnet\"})",
          "hide": false,
          "interval": "",
          "legendFormat": "Tree 21",
          "refId": "V"
        },
        {
          "exemplar": true,
          "expr": "avg(Coda_Scan_state_base_snarks_required_tree22{testnet=\"$testnet\"}+ Coda_Scan_state_merge_snarks_required_tree22{testnet=\"$testnet\"})",
          "hide": false,
          "interval": "",
          "legendFormat": "Tree 22",
          "refId": "W"
        },
        {
          "exemplar": true,
          "expr": "avg(Coda_Scan_state_base_snarks_required_tree23{testnet=\"$testnet\"}+ Coda_Scan_state_merge_snarks_required_tree23{testnet=\"$testnet\"})",
          "hide": false,
          "interval": "",
          "legendFormat": "Tree 23",
          "refId": "X"
        },
        {
          "exemplar": true,
          "expr": "avg(Coda_Scan_state_base_snarks_required_tree24{testnet=\"$testnet\"}+ Coda_Scan_state_merge_snarks_required_tree24{testnet=\"$testnet\"})",
          "hide": false,
          "interval": "",
          "legendFormat": "Tree 24",
          "refId": "Y"
        }
      ],
      "thresholds": [],
      "timeFrom": null,
      "timeRegions": [],
      "timeShift": null,
      "title": "Scan State (Snark Work Required for Each Tree)",
      "tooltip": {
        "shared": true,
        "sort": 0,
        "value_type": "individual"
      },
      "type": "graph",
      "xaxis": {
        "buckets": null,
        "mode": "time",
        "name": null,
        "show": true,
        "values": []
      },
      "yaxes": [
        {
          "$$hashKey": "object:431",
          "format": "short",
          "label": null,
          "logBase": 1,
          "max": null,
          "min": null,
          "show": true
        },
        {
          "$$hashKey": "object:432",
          "format": "short",
          "label": null,
          "logBase": 1,
          "max": null,
          "min": null,
          "show": true
        }
      ],
      "yaxis": {
        "align": false,
        "alignLevel": null
      }
    },
    {
      "aliasColors": {},
      "bars": false,
      "dashLength": 10,
      "dashes": false,
      "datasource": "Prometheus",
      "fieldConfig": {
        "defaults": {
          "links": []
        },
        "overrides": []
      },
      "fill": 1,
      "fillGradient": 1,
      "gridPos": {
        "h": 6,
        "w": 12,
        "x": 0,
        "y": 15
      },
      "hiddenSeries": false,
      "id": 16,
      "legend": {
        "avg": false,
        "current": true,
        "hideEmpty": true,
        "hideZero": true,
        "max": false,
        "min": false,
        "show": true,
        "total": false,
        "values": true
      },
      "lines": true,
      "linewidth": 2,
      "nullPointMode": "null",
      "options": {
        "alertThreshold": true
      },
      "percentage": false,
      "pluginVersion": "8.2.2",
      "pointradius": 2,
      "points": false,
      "renderer": "flot",
      "seriesOverrides": [],
      "spaceLength": 10,
      "stack": false,
      "steppedLine": false,
      "targets": [
        {
          "expr": "Coda_Network_peers{testnet=\"$testnet\"}",
          "interval": "",
          "legendFormat": "{{app}}",
          "refId": "A"
        }
      ],
      "thresholds": [],
      "timeFrom": null,
      "timeRegions": [],
      "timeShift": null,
      "title": "Network Peers",
      "tooltip": {
        "shared": true,
        "sort": 0,
        "value_type": "individual"
      },
      "type": "graph",
      "xaxis": {
        "buckets": null,
        "mode": "time",
        "name": null,
        "show": true,
        "values": []
      },
      "yaxes": [
        {
          "$$hashKey": "object:116",
          "format": "short",
          "label": null,
          "logBase": 1,
          "max": null,
          "min": null,
          "show": true
        },
        {
          "$$hashKey": "object:117",
          "format": "short",
          "label": null,
          "logBase": 1,
          "max": null,
          "min": null,
          "show": true
        }
      ],
      "yaxis": {
        "align": false,
        "alignLevel": null
      }
    },
    {
      "aliasColors": {},
      "bars": false,
      "dashLength": 10,
      "dashes": false,
      "datasource": "Prometheus",
      "decimals": 4,
      "fieldConfig": {
        "defaults": {
          "links": []
        },
        "overrides": []
      },
      "fill": 1,
      "fillGradient": 10,
      "gridPos": {
        "h": 6,
        "w": 12,
        "x": 12,
        "y": 19
      },
      "hiddenSeries": false,
      "id": 35,
      "legend": {
        "avg": false,
        "current": false,
        "max": false,
        "min": false,
        "show": true,
        "total": false,
        "values": false
      },
      "lines": true,
      "linewidth": 3,
      "nullPointMode": "null",
      "options": {
        "alertThreshold": true
      },
      "percentage": false,
      "pluginVersion": "8.2.2",
      "pointradius": 2,
      "points": false,
      "renderer": "flot",
      "seriesOverrides": [
        {
          "alias": "Average TPS",
          "yaxis": 2
        },
        {
          "alias": "Snark Work Per Block",
          "yaxis": 1
        }
      ],
      "spaceLength": 10,
      "stack": false,
      "steppedLine": false,
      "targets": [
        {
          "expr": "avg(avg_over_time(Coda_Transition_frontier_tps_30min{testnet=\"$testnet\", role=\"seed\"}[10m] ))",
          "hide": true,
          "interval": "",
          "legendFormat": "Average TPS",
          "refId": "A"
        },
        {
          "expr": "avg(avg_over_time(Coda_Scan_state_transaction_fees_per_block{testnet=\"$testnet\", role=\"seed\"}[10m])) / 1000000000",
          "hide": false,
          "instant": false,
          "interval": "",
          "legendFormat": "Tx Fees Per Block",
          "refId": "B"
        },
        {
          "expr": "avg(avg_over_time(Coda_Scan_state_snark_fees_per_block{testnet=\"$testnet\", role=\"seed\"}[10m])) / 1000000000  ",
          "hide": false,
          "interval": "",
          "legendFormat": "Snark Fees Per Block",
          "refId": "C"
        },
        {
          "expr": "avg(avg_over_time(Coda_Scan_state_purchased_snark_work_per_block{testnet=\"$testnet\", role=\"seed\"}[10m])) / 1000000000",
          "hide": false,
          "interval": "",
          "legendFormat": "Snark Work Per Block",
          "refId": "D"
        },
        {
          "expr": "Coda_Scan_state_snark_fees_per_block{testnet=\"$testnet\", role=\"seed\"}",
          "hide": true,
          "interval": "",
          "legendFormat": "",
          "refId": "E"
        },
        {
          "expr": "Coda_Scan_state_transaction_fees_per_block{testnet=\"$testnet\", role=\"seed\"}",
          "hide": true,
          "interval": "",
          "legendFormat": "",
          "refId": "F"
        }
      ],
      "thresholds": [],
      "timeFrom": null,
      "timeRegions": [],
      "timeShift": null,
      "title": "Fees in Blocks (10m)",
      "tooltip": {
        "shared": true,
        "sort": 0,
        "value_type": "individual"
      },
      "type": "graph",
      "xaxis": {
        "buckets": null,
        "mode": "time",
        "name": null,
        "show": true,
        "values": []
      },
      "yaxes": [
        {
          "format": "short",
          "label": null,
          "logBase": 1,
          "max": null,
          "min": null,
          "show": true
        },
        {
          "format": "short",
          "label": "",
          "logBase": 1,
          "max": null,
          "min": null,
          "show": true
        }
      ],
      "yaxis": {
        "align": false,
        "alignLevel": null
      }
    },
    {
      "aliasColors": {},
      "bars": false,
      "dashLength": 10,
      "dashes": false,
      "datasource": "Prometheus",
      "fieldConfig": {
        "defaults": {
          "links": []
        },
        "overrides": []
      },
      "fill": 1,
      "fillGradient": 0,
      "gridPos": {
        "h": 6,
        "w": 12,
        "x": 0,
        "y": 21
      },
      "hiddenSeries": false,
      "id": 27,
      "legend": {
        "avg": false,
        "current": false,
        "max": true,
        "min": false,
        "show": true,
        "total": false,
        "values": true
      },
      "lines": true,
      "linewidth": 1,
      "nullPointMode": "null",
      "options": {
        "alertThreshold": true
      },
      "percentage": false,
      "pluginVersion": "8.2.2",
      "pointradius": 2,
      "points": false,
      "renderer": "flot",
      "seriesOverrides": [
        {
          "$$hashKey": "object:235",
          "alias": "Average",
          "color": "#96D98D",
          "linewidth": 5
        }
      ],
      "spaceLength": 10,
      "stack": false,
      "steppedLine": false,
      "targets": [
        {
          "expr": "avg(container_memory_usage_bytes{namespace=\"$testnet\", pod=~\".*seed.*\"}) by (pod)",
          "hide": false,
          "instant": false,
          "interval": "",
          "legendFormat": "{{app}}",
          "refId": "B"
        },
        {
          "expr": "avg(container_memory_usage_bytes{namespace=\"$testnet\", pod=~\".*seed.*\"}) ",
          "hide": false,
          "interval": "",
          "legendFormat": "Average",
          "refId": "A"
        }
      ],
      "thresholds": [],
      "timeFrom": null,
      "timeRegions": [],
      "timeShift": null,
      "title": "Used Memory",
      "tooltip": {
        "shared": true,
        "sort": 0,
        "value_type": "individual"
      },
      "type": "graph",
      "xaxis": {
        "buckets": null,
        "mode": "time",
        "name": null,
        "show": true,
        "values": []
      },
      "yaxes": [
        {
          "$$hashKey": "object:244",
          "format": "decbytes",
          "label": null,
          "logBase": 1,
          "max": null,
          "min": null,
          "show": true
        },
        {
          "$$hashKey": "object:245",
          "format": "decbytes",
          "label": null,
          "logBase": 1,
          "max": null,
          "min": null,
          "show": true
        }
      ],
      "yaxis": {
        "align": false,
        "alignLevel": null
      }
    },
    {
      "aliasColors": {},
      "bars": false,
      "dashLength": 10,
      "dashes": false,
      "datasource": "Prometheus",
      "fieldConfig": {
        "defaults": {
          "links": []
        },
        "overrides": []
      },
      "fill": 1,
      "fillGradient": 0,
      "gridPos": {
        "h": 6,
        "w": 12,
        "x": 12,
        "y": 25
      },
      "hiddenSeries": false,
      "id": 18,
      "legend": {
        "avg": false,
        "current": false,
        "max": false,
        "min": false,
        "show": true,
        "total": false,
        "values": false
      },
      "lines": true,
      "linewidth": 1,
      "nullPointMode": "connected",
      "options": {
        "alertThreshold": true
      },
      "percentage": false,
      "pluginVersion": "8.2.2",
      "pointradius": 2,
      "points": false,
      "renderer": "flot",
      "seriesOverrides": [
        {
          "$$hashKey": "object:68",
          "alias": "Block Height",
          "linewidth": 3
        }
      ],
      "spaceLength": 10,
      "stack": false,
      "steppedLine": false,
      "targets": [
        {
          "expr": "increase(Coda_Transition_frontier_max_blocklength_observed{testnet=\"$testnet\"}[15m])",
          "interval": "",
          "legendFormat": "{{kubernetes_pod_name}}",
          "refId": "A"
        }
      ],
      "thresholds": [],
      "timeFrom": null,
      "timeRegions": [],
      "timeShift": null,
      "title": "Observed Blocks Rate Of Increase (15m)",
      "tooltip": {
        "shared": true,
        "sort": 0,
        "value_type": "individual"
      },
      "type": "graph",
      "xaxis": {
        "buckets": null,
        "mode": "time",
        "name": null,
        "show": true,
        "values": []
      },
      "yaxes": [
        {
          "$$hashKey": "object:143",
          "format": "none",
          "label": null,
          "logBase": 1,
          "max": null,
          "min": null,
          "show": true
        },
        {
          "$$hashKey": "object:144",
          "format": "short",
          "label": null,
          "logBase": 1,
          "max": null,
          "min": null,
          "show": true
        }
      ],
      "yaxis": {
        "align": false,
        "alignLevel": null
      }
    },
    {
      "aliasColors": {},
      "bars": false,
      "dashLength": 10,
      "dashes": false,
      "datasource": "Prometheus",
      "fieldConfig": {
        "defaults": {
          "links": []
        },
        "overrides": []
      },
      "fill": 1,
      "fillGradient": 1,
      "gridPos": {
        "h": 6,
        "w": 12,
        "x": 0,
        "y": 27
      },
      "hiddenSeries": false,
      "id": 29,
      "legend": {
        "avg": false,
        "current": false,
        "max": true,
        "min": false,
        "show": true,
        "total": false,
        "values": true
      },
      "lines": true,
      "linewidth": 2,
      "nullPointMode": "null",
      "options": {
        "alertThreshold": true
      },
      "percentage": false,
      "pluginVersion": "8.2.2",
      "pointradius": 2,
      "points": false,
      "renderer": "flot",
      "seriesOverrides": [
        {
          "$$hashKey": "object:221",
          "alias": "Average",
          "color": "#96D98D",
          "linewidth": 5
        },
        {
          "$$hashKey": "object:264",
          "alias": "Average by Instance",
          "linewidth": 5
        }
      ],
      "spaceLength": 10,
      "stack": false,
      "steppedLine": false,
      "targets": [
        {
          "expr": "avg(container_fs_usage_bytes{namespace=\"$testnet\", pod=~\".*seed.*\"}) by (pod)",
          "hide": false,
          "instant": false,
          "interval": "",
          "legendFormat": "{{app}}",
          "refId": "B"
        },
        {
          "expr": "avg(container_fs_usage_bytes{namespace=\"$testnet\", pod=~\".*seed.*\"}) ",
          "hide": false,
          "interval": "",
          "legendFormat": "Average",
          "refId": "A"
        },
        {
          "expr": "avg(sum(container_fs_usage_bytes{namespace=\"$testnet\", pod=~\".*$role.*\"}) by (instance))",
          "hide": false,
          "interval": "",
          "legendFormat": "{{app}}",
          "refId": "C"
        }
      ],
      "thresholds": [],
      "timeFrom": null,
      "timeRegions": [],
      "timeShift": null,
      "title": "Used Disk",
      "tooltip": {
        "shared": true,
        "sort": 0,
        "value_type": "individual"
      },
      "type": "graph",
      "xaxis": {
        "buckets": null,
        "mode": "time",
        "name": null,
        "show": true,
        "values": []
      },
      "yaxes": [
        {
          "$$hashKey": "object:236",
          "format": "decbytes",
          "label": null,
          "logBase": 1,
          "max": null,
          "min": null,
          "show": true
        },
        {
          "$$hashKey": "object:237",
          "format": "decbytes",
          "label": null,
          "logBase": 1,
          "max": null,
          "min": null,
          "show": true
        }
      ],
      "yaxis": {
        "align": false,
        "alignLevel": null
      }
    },
    {
      "aliasColors": {},
      "bars": false,
      "dashLength": 10,
      "dashes": false,
      "datasource": "Prometheus",
      "fill": 1,
      "fillGradient": 1,
      "gridPos": {
        "h": 6,
        "w": 12,
        "x": 12,
        "y": 31
      },
      "hiddenSeries": false,
      "id": 23,
      "legend": {
        "avg": false,
        "current": false,
        "hideEmpty": false,
        "hideZero": false,
        "max": true,
        "min": false,
        "show": true,
        "total": false,
        "values": true
      },
      "lines": true,
      "linewidth": 2,
      "nullPointMode": "null",
      "options": {
        "alertThreshold": true
      },
      "percentage": false,
      "pluginVersion": "8.2.2",
      "pointradius": 2,
      "points": false,
      "renderer": "flot",
      "seriesOverrides": [],
      "spaceLength": 10,
      "stack": false,
      "steppedLine": false,
      "targets": [
        {
          "expr": "Coda_Block_latency_gossip_time{testnet=\"$testnet\"}",
          "interval": "",
          "legendFormat": "{{app}}",
          "refId": "A"
        }
      ],
      "thresholds": [],
      "timeFrom": null,
      "timeRegions": [],
      "timeShift": null,
      "title": "Block gossip latency",
      "tooltip": {
        "shared": true,
        "sort": 0,
        "value_type": "individual"
      },
      "type": "graph",
      "xaxis": {
        "buckets": null,
        "mode": "time",
        "name": null,
        "show": true,
        "values": []
      },
      "yaxes": [
        {
          "$$hashKey": "object:251",
          "format": "short",
          "label": null,
          "logBase": 1,
          "max": null,
          "min": null,
          "show": true
        },
        {
          "$$hashKey": "object:252",
          "format": "short",
          "label": null,
          "logBase": 1,
          "max": null,
          "min": null,
          "show": true
        }
      ],
      "yaxis": {
        "align": false,
        "alignLevel": null
      }
    },
    {
      "aliasColors": {},
      "bars": false,
      "dashLength": 10,
      "dashes": false,
      "datasource": "Prometheus",
      "fieldConfig": {
        "defaults": {
          "links": []
        },
        "overrides": []
      },
      "fill": 1,
      "fillGradient": 1,
      "gridPos": {
        "h": 6,
        "w": 12,
        "x": 0,
        "y": 33
      },
      "hiddenSeries": false,
      "id": 31,
      "legend": {
        "avg": false,
        "current": false,
        "max": false,
        "min": false,
        "show": true,
        "total": false,
        "values": false
      },
      "lines": true,
      "linewidth": 1,
      "nullPointMode": "null",
      "options": {
        "alertThreshold": true
      },
      "percentage": false,
      "pluginVersion": "8.2.2",
      "pointradius": 2,
      "points": false,
      "renderer": "flot",
      "seriesOverrides": [],
      "spaceLength": 10,
      "stack": false,
      "steppedLine": false,
      "targets": [
        {
          "expr": "topk(10, sum by (pod) (rate(container_cpu_user_seconds_total{namespace=\"$testnet\", pod=~\".*seed.*\"}[2m]))) * 100 / 4",
          "hide": false,
          "instant": false,
          "interval": "",
          "legendFormat": "{{app}}",
          "refId": "B"
        },
        {
          "expr": "sum (rate(container_cpu_user_seconds_total{namespace=\"$testnet\", pod=~\".*seed.*\"}[2m]) )  by (pod)",
          "hide": true,
          "interval": "",
          "legendFormat": "{{app}}",
          "refId": "A"
        }
      ],
      "thresholds": [],
      "timeFrom": null,
      "timeRegions": [],
      "timeShift": null,
      "title": "CPU Percent (Top 10)",
      "tooltip": {
        "shared": true,
        "sort": 0,
        "value_type": "individual"
      },
      "type": "graph",
      "xaxis": {
        "buckets": null,
        "mode": "time",
        "name": null,
        "show": true,
        "values": []
      },
      "yaxes": [
        {
          "$$hashKey": "object:130",
          "format": "percent",
          "label": null,
          "logBase": 1,
          "max": null,
          "min": null,
          "show": true
        },
        {
          "$$hashKey": "object:131",
          "format": "short",
          "label": null,
          "logBase": 1,
          "max": null,
          "min": null,
          "show": true
        }
      ],
      "yaxis": {
        "align": false,
        "alignLevel": null
      }
    },
    {
      "aliasColors": {},
      "bars": false,
      "dashLength": 10,
      "dashes": false,
      "datasource": "Prometheus",
      "fieldConfig": {
        "defaults": {
          "links": []
        },
        "overrides": []
      },
      "fill": 1,
      "fillGradient": 0,
      "gridPos": {
        "h": 6,
        "w": 12,
        "x": 12,
        "y": 37
      },
      "hiddenSeries": false,
      "id": 8,
      "legend": {
        "avg": false,
        "current": false,
        "max": false,
        "min": false,
        "show": true,
        "total": false,
        "values": false
      },
      "lines": true,
      "linewidth": 1,
      "nullPointMode": "null",
      "options": {
        "alertThreshold": true
      },
      "percentage": false,
      "pluginVersion": "8.2.2",
      "pointradius": 2,
      "points": false,
      "renderer": "flot",
      "seriesOverrides": [],
      "spaceLength": 10,
      "stack": false,
      "steppedLine": false,
      "targets": [
        {
          "expr": "histogram_quantile(0.25, sum(rate(Coda_Snark_work_snark_fee_bucket{testnet=\"$testnet\"}[10m])) by (testnet, le))",
          "legendFormat": "25th Percentile",
          "refId": "C"
        },
        {
          "expr": "histogram_quantile(0.5, sum(rate(Coda_Snark_work_snark_fee_bucket{testnet=\"$testnet\"}[10m])) by (testnet, le))",
          "legendFormat": "50th Percentile",
          "refId": "A"
        },
        {
          "expr": "histogram_quantile(0.95, sum(rate(Coda_Snark_work_snark_fee_bucket{testnet=\"$testnet\"}[10m])) by (testnet, le))",
          "legendFormat": "95th Percentile",
          "refId": "B"
        }
      ],
      "thresholds": [],
      "timeFrom": null,
      "timeRegions": [],
      "timeShift": null,
      "title": "SNARK Fee Breakdown",
      "tooltip": {
        "shared": true,
        "sort": 0,
        "value_type": "individual"
      },
      "type": "graph",
      "xaxis": {
        "buckets": null,
        "mode": "time",
        "name": null,
        "show": true,
        "values": []
      },
      "yaxes": [
        {
          "format": "short",
          "label": null,
          "logBase": 1,
          "max": null,
          "min": null,
          "show": true
        },
        {
          "format": "short",
          "label": null,
          "logBase": 1,
          "max": null,
          "min": null,
          "show": true
        }
      ],
      "yaxis": {
        "align": false,
        "alignLevel": null
      }
    },
    {
      "aliasColors": {},
      "bars": false,
      "dashLength": 10,
      "dashes": false,
      "datasource": "Prometheus",
      "fieldConfig": {
        "defaults": {
          "links": []
        },
        "overrides": []
      },
      "fill": 1,
      "fillGradient": 1,
      "gridPos": {
        "h": 6,
        "w": 12,
        "x": 0,
        "y": 39
      },
      "hiddenSeries": false,
      "id": 37,
      "legend": {
        "avg": true,
        "current": false,
        "max": false,
        "min": false,
        "show": true,
        "total": false,
        "values": true
      },
      "lines": true,
      "linewidth": 2,
      "nullPointMode": "connected",
      "options": {
        "alertThreshold": true
      },
      "percentage": false,
      "pluginVersion": "8.2.2",
      "pointradius": 2,
      "points": false,
      "renderer": "flot",
      "seriesOverrides": [],
      "spaceLength": 10,
      "stack": false,
      "steppedLine": false,
      "targets": [
        {
          "expr": "Coda_Runtime_ocaml_gc_live_words{testnet=\"$testnet\", role=\"seed\"} * 2 ",
          "interval": "",
          "legendFormat": "{{app}}",
          "refId": "A"
        }
      ],
      "thresholds": [],
      "timeFrom": null,
      "timeRegions": [],
      "timeShift": null,
      "title": "Live Memory Allocated by Node ",
      "tooltip": {
        "shared": true,
        "sort": 0,
        "value_type": "individual"
      },
      "type": "graph",
      "xaxis": {
        "buckets": null,
        "mode": "time",
        "name": null,
        "show": true,
        "values": []
      },
      "yaxes": [
        {
          "$$hashKey": "object:1560",
          "format": "decbytes",
          "label": null,
          "logBase": 1,
          "max": null,
          "min": null,
          "show": true
        },
        {
          "$$hashKey": "object:1561",
          "format": "short",
          "label": null,
          "logBase": 1,
          "max": null,
          "min": null,
          "show": true
        }
      ],
      "yaxis": {
        "align": false,
        "alignLevel": null
      }
    },
    {
      "aliasColors": {},
      "bars": false,
      "dashLength": 10,
      "dashes": false,
      "datasource": "Prometheus",
      "fieldConfig": {
        "defaults": {
          "links": []
        },
        "overrides": []
      },
      "fill": 1,
      "fillGradient": 0,
      "gridPos": {
        "h": 6,
        "w": 12,
        "x": 12,
        "y": 43
      },
      "hiddenSeries": false,
      "id": 39,
      "legend": {
        "avg": true,
        "current": false,
        "max": false,
        "min": false,
        "show": true,
        "total": false,
        "values": true
      },
      "lines": true,
      "linewidth": 1,
      "nullPointMode": "connected",
      "options": {
        "alertThreshold": true
      },
      "percentage": false,
      "pluginVersion": "8.2.2",
      "pointradius": 2,
      "points": false,
      "renderer": "flot",
      "seriesOverrides": [],
      "spaceLength": 10,
      "stack": false,
      "steppedLine": false,
      "targets": [
        {
          "expr": "Coda_Transition_frontier_slot_fill_rate{testnet=\"$testnet\", role=\"seed\"} * 100",
          "interval": "",
          "legendFormat": "{{app}}",
          "refId": "A"
        }
      ],
      "thresholds": [],
      "timeFrom": null,
      "timeRegions": [],
      "timeShift": null,
      "title": "Transition Frontier Slot Fill Rate (%)",
      "tooltip": {
        "shared": true,
        "sort": 0,
        "value_type": "individual"
      },
      "type": "graph",
      "xaxis": {
        "buckets": null,
        "mode": "time",
        "name": null,
        "show": true,
        "values": []
      },
      "yaxes": [
        {
          "$$hashKey": "object:988",
          "format": "short",
          "label": null,
          "logBase": 1,
          "max": null,
          "min": null,
          "show": true
        },
        {
          "$$hashKey": "object:989",
          "format": "short",
          "label": null,
          "logBase": 1,
          "max": null,
          "min": null,
          "show": true
        }
      ],
      "yaxis": {
        "align": false,
        "alignLevel": null
      }
    },
    {
      "aliasColors": {},
      "bars": false,
      "dashLength": 10,
      "dashes": false,
      "datasource": "Prometheus",
      "fieldConfig": {
        "defaults": {
          "links": []
        },
        "overrides": []
      },
      "fill": 1,
      "fillGradient": 0,
      "gridPos": {
        "h": 6,
        "w": 12,
        "x": 0,
        "y": 45
      },
      "hiddenSeries": false,
      "id": 41,
      "legend": {
        "avg": false,
        "current": false,
        "max": true,
        "min": false,
        "show": true,
        "total": false,
        "values": true
      },
      "lines": true,
      "linewidth": 1,
      "nullPointMode": "null",
      "options": {
        "alertThreshold": true
      },
      "percentage": false,
      "pluginVersion": "8.2.2",
      "pointradius": 2,
      "points": false,
      "renderer": "flot",
      "seriesOverrides": [],
      "spaceLength": 10,
      "stack": false,
      "steppedLine": false,
      "targets": [
        {
          "expr": "avg(rate(Coda_Runtime_long_async_cycle_sum{testnet=\"$testnet\", role=\"seed\"}[5m])\n/\n  rate(Coda_Runtime_long_async_cycle_count{testnet=\"$testnet\", role=\"seed\"}[5m]))",
          "hide": false,
          "interval": "",
          "legendFormat": "Average",
          "refId": "A"
        },
        {
          "expr": "histogram_quantile(0.9, \n  sum without (handler)(\n    rate(Coda_Runtime_long_async_cycle_bucket{testnet=\"$testnet\", role=\"seed\"}[5m])\n  )\n)",
          "hide": false,
          "interval": "",
          "legendFormat": "{{app}}",
          "refId": "B"
        }
      ],
      "thresholds": [],
      "timeFrom": null,
      "timeRegions": [],
      "timeShift": null,
      "title": "Long Async Cycles (90th Percentile)",
      "tooltip": {
        "shared": true,
        "sort": 0,
        "value_type": "individual"
      },
      "type": "graph",
      "xaxis": {
        "buckets": null,
        "mode": "time",
        "name": null,
        "show": true,
        "values": []
      },
      "yaxes": [
        {
          "$$hashKey": "object:1148",
          "format": "short",
          "label": null,
          "logBase": 1,
          "max": null,
          "min": null,
          "show": true
        },
        {
          "$$hashKey": "object:1149",
          "format": "short",
          "label": null,
          "logBase": 1,
          "max": null,
          "min": null,
          "show": true
        }
      ],
      "yaxis": {
        "align": false,
        "alignLevel": null
      }
    },
    {
      "aliasColors": {},
      "bars": false,
      "dashLength": 10,
      "dashes": false,
      "datasource": "Prometheus",
      "description": "",
      "fieldConfig": {
        "defaults": {
          "links": []
        },
        "overrides": []
      },
      "fill": 1,
      "fillGradient": 1,
      "gridPos": {
        "h": 6,
        "w": 12,
        "x": 0,
        "y": 51
      },
      "hiddenSeries": false,
      "id": 44,
      "legend": {
        "avg": true,
        "current": false,
        "max": true,
        "min": false,
        "show": true,
        "total": false,
        "values": true
      },
      "lines": true,
      "linewidth": 2,
      "nullPointMode": "connected",
      "options": {
        "alertThreshold": true
      },
      "percentage": false,
      "pluginVersion": "8.2.2",
      "pointradius": 2,
      "points": false,
      "renderer": "flot",
      "seriesOverrides": [],
      "spaceLength": 10,
      "stack": false,
      "steppedLine": false,
      "targets": [
        {
          "exemplar": true,
          "expr": "Coda_active_connections_total{testnet=\"$testnet\"}",
          "interval": "",
          "legendFormat": "{{kubernetes_pod_name}}",
          "refId": "A"
        }
      ],
      "thresholds": [],
      "timeFrom": null,
      "timeRegions": [],
      "timeShift": null,
      "title": "Libp2p Connection Count By Node",
      "tooltip": {
        "shared": true,
        "sort": 0,
        "value_type": "individual"
      },
      "type": "graph",
      "xaxis": {
        "buckets": null,
        "mode": "time",
        "name": null,
        "show": true,
        "values": []
      },
      "yaxes": [
        {
          "$$hashKey": "object:1560",
          "format": "none",
          "label": null,
          "logBase": 1,
          "max": null,
          "min": null,
          "show": true
        },
        {
          "$$hashKey": "object:1561",
          "format": "short",
          "label": null,
          "logBase": 1,
          "max": null,
          "min": null,
          "show": true
        }
      ],
      "yaxis": {
        "align": false,
        "alignLevel": null
      }
    }
  ],
  "refresh": "30s",
  "schemaVersion": 31,
  "style": "dark",
  "tags": [],
  "templating": {
    "list": [
      {
        "allValue": null,
        "current": {},
        "datasource": "Prometheus",
        "definition": "Coda_Runtime_process_uptime_ms_total",
        "description": null,
        "error": {
          "config": {
            "data": {
              "end": "1634935118",
              "match[]": "Coda_Runtime_process_uptime_ms_total",
              "start": "1615939200"
            },
            "headers": {
              "Content-Type": "application/x-www-form-urlencoded",
              "X-Grafana-Org-Id": 1
            },
            "hideFromInspector": true,
            "method": "POST",
            "retry": 0,
            "url": "api/datasources/proxy/7/api/v1/series"
          },
          "data": {
            "error": "the query time range exceeds the limit (query length: 5276h38m38s, limit: 768h0m0s)",
            "errorType": "execution",
            "message": "the query time range exceeds the limit (query length: 5276h38m38s, limit: 768h0m0s)",
            "status": "error"
          },
          "message": "the query time range exceeds the limit (query length: 5276h38m38s, limit: 768h0m0s)",
          "status": 422,
          "statusText": ""
        },
        "hide": 0,
        "includeAll": false,
        "label": null,
        "multi": false,
        "name": "testnet",
        "options": [],
        "query": {
          "query": "Coda_Runtime_process_uptime_ms_total",
          "refId": "grafanacloud-o1testnet-prom-testnet-Variable-Query"
        },
        "refresh": 2,
        "regex": "/.*testnet=\"([^\"]*).*/",
        "skipUrlSync": false,
        "sort": 2,
        "tagValuesQuery": "",
        "tagsQuery": "",
        "type": "query",
        "useTags": false
      }
    ]
  },
  "time": {
    "from": "2021-03-17T00:00:00.000Z",
    "to": "now"
  },
  "timepicker": {
    "refresh_intervals": [
      "5s",
      "10s",
      "30s",
      "1m",
      "5m",
      "15m",
      "30m",
      "1h",
      "2h",
      "1d"
    ]
  },
  "timezone": "",
  "title": "Simplified Mainnet Overview",
  "uid": "Urls5iwGz",
  "version": 10
}
