{
  "pk": "B62qkBXuUYW5SShyTDJUCb3UDjaqvSypUw6FaNPXKCdU3JLdP8auz2p",
  "balance": "20000",
  "delegate": "B62qkBXuUYW5SShyTDJUCb3UDjaqvSypUw6FaNPXKCdU3JLdP8auz2p"
}
{
  "pk": "B62qrZ6aYqnxngr1rWseazT4mYeytLTkD2qYuUTyVdQf27XUHZK3fJe",
  "balance": "20000",
  "delegate": "B62qrZ6aYqnxngr1rWseazT4mYeytLTkD2qYuUTyVdQf27XUHZK3fJe"
}
{
  "pk": "B62qpuQbxwj8Nf2y36aQMuQBg3N4U1W9qi8mfR7k5UAgZPzyYLFLKm7",
  "balance": "20000",
  "delegate": "B62qkBXuUYW5SShyTDJUCb3UDjaqvSypUw6FaNPXKCdU3JLdP8auz2p"
}
{
  "pk": "B62qiw5UqmDqaTTsUYtAAau2o9AqT9anZ1wEHfSrCuEDUxVb6Hrj7DS",
  "balance": "20000",
  "delegate": "B62qrZ6aYqnxngr1rWseazT4mYeytLTkD2qYuUTyVdQf27XUHZK3fJe"
}
